"","N. Esox","A. Esox","N. Esox","N. Esox","M. Esox","A. Novumbra","A. Dallia"
"N. Esox",0,0.0766567454291441,0.140436129502521,0.15483204762194,0.155257243515763,0.172993986515216,0.196987183380915
"A. Esox",0.0766567454291441,0,0.139464253173784,0.156836542549961,0.156836542549961,0.172568790621393,0.197776832898014
"N. Esox",0.140436129502521,0.139464253173784,0,0.154285367187025,0.154710563080848,0.17123246066938,0.194861203911802
"N. Esox",0.15483204762194,0.156836542549961,0.154285367187025,0,0.00862540241754237,0.177063718641803,0.20154285367187
"M. Esox",0.155257243515763,0.156836542549961,0.154710563080848,0.00862540241754237,0,0.177063718641803,0.200813946425317
"A. Novumbra",0.172993986515216,0.172568790621393,0.17123246066938,0.177063718641803,0.177063718641803,0,0.199902812367126
"A. Dallia",0.196987183380915,0.197776832898014,0.194861203911802,0.20154285367187,0.200813946425317,0.199902812367126,0
